Type,Total,PipelineGen
Bioenergy and Waste,495.903,2677.8762
Shoreline wave / tidal,316,161.16
Small Hydro,18.490000000000002,58.6133
Solar Photovoltaics,1164.346845,943.1209444500001
Wind Offshore,8257,25101.28
Wind Onshore,12720.960000000001,27604.483200000002
