Type,Total,PipelineGen
Bioenergy and Waste,534.01,2883.654
Shoreline wave / tidal,350.4,178.70399999999998
Small Hydro,26.09,82.7053
Solar Photovoltaics,604.28076,489.46741560000004
Wind Offshore,3824.9,11627.696
Wind Onshore,10991.300000000001,23851.121000000003
