Type,Total,PipelineGen
Bioenergy and Waste,500.61,2703.2940000000003
Shoreline wave / tidal,317.4,161.874
Small Hydro,23.05,73.0685
Solar Photovoltaics,958.8401799999999,776.6605458
Wind Offshore,4017,12211.68
Wind Onshore,11242,24395.14
