Type,Total,PipelineGen
Bioenergy and Waste,483.403,2610.3762
Shoreline wave / tidal,316,161.16
Small Hydro,19.450000000000003,61.65650000000001
Solar Photovoltaics,1140.783475,924.0346147500001
Wind Offshore,7709,23435.36
Wind Onshore,12250.11,26582.7387
