Year,Prepayment,Standard Credit,Direct Debit
2017,600.4041420970386,646.2220732146375,580.1977012265003
2018,632.7039421550006,699.1834064323768,634.8288243713588
2019,704.5316716021938,758.6074718982959,688.6591330698553
2020,728.0668371508376,765.7813672459214,696.6844696954483
2021,759,817,755
