Year,Renewable,Gross Electricity Consumption,Target
2000,4972,40801,0.1218500
2001,4202,40446,0.1039015
2002,5099,41619,0.1225090
2003,3724,41238,0.0903156
2004,5832,41364,0.1409986
2005,6486,41923,0.1547122
2006,6956,41309,0.1683895
2007,8003,40718,0.1965469
2008,9058,41049,0.2206625
2009,10582,38852,0.2723689
2010,9420,39237,0.2400799
